img,label
/root/gpufree-data/OpenPath-main/data/SkinTissue/IMG_CLASSES/4. Basal Cell Carcinoma (BCC) 3323/ISIC_0060748.jpg,Unknown
/root/gpufree-data/OpenPath-main/data/SkinTissue/IMG_CLASSES/6. Benign Keratosis-like Lesions (BKL) 2624/ISIC_0025758.jpg,Unknown
/root/gpufree-data/OpenPath-main/data/SkinTissue/IMG_CLASSES/5. Melanocytic Nevi (NV) - 7970/ISIC_0026655.jpg,Unknown
/root/gpufree-data/OpenPath-main/data/SkinTissue/IMG_CLASSES/4. Basal Cell Carcinoma (BCC) 3323/ISIC_0054279.jpg,Unknown
/root/gpufree-data/OpenPath-main/data/SkinTissue/IMG_CLASSES/8. Seborrheic Keratoses and other Benign Tumors - 1.8k/v-dermatofibroma-86.jpg,Unknown
/root/gpufree-data/OpenPath-main/data/SkinTissue/IMG_CLASSES/5. Melanocytic Nevi (NV) - 7970/ISIC_0032176.jpg,Unknown
/root/gpufree-data/OpenPath-main/data/SkinTissue/IMG_CLASSES/4. Basal Cell Carcinoma (BCC) 3323/ISIC_0066155.jpg,Unknown
/root/gpufree-data/OpenPath-main/data/SkinTissue/IMG_CLASSES/5. Melanocytic Nevi (NV) - 7970/ISIC_0028796.jpg,Unknown
/root/gpufree-data/OpenPath-main/data/SkinTissue/IMG_CLASSES/5. Melanocytic Nevi (NV) - 7970/ISIC_0027944.jpg,Unknown
/root/gpufree-data/OpenPath-main/data/SkinTissue/IMG_CLASSES/5. Melanocytic Nevi (NV) - 7970/ISIC_0013097_downsampled.jpg,Unknown
/root/gpufree-data/OpenPath-main/data/SkinTissue/IMG_CLASSES/5. Melanocytic Nevi (NV) - 7970/ISIC_0000028_downsampled.jpg,Unknown
/root/gpufree-data/OpenPath-main/data/SkinTissue/IMG_CLASSES/2. Melanoma 15.75k/ISIC_7515794.jpg,Unknown
/root/gpufree-data/OpenPath-main/data/SkinTissue/IMG_CLASSES/6. Benign Keratosis-like Lesions (BKL) 2624/ISIC_0060933.jpg,Unknown
/root/gpufree-data/OpenPath-main/data/SkinTissue/IMG_CLASSES/5. Melanocytic Nevi (NV) - 7970/ISIC_0028627.jpg,Unknown
/root/gpufree-data/OpenPath-main/data/SkinTissue/IMG_CLASSES/7. Psoriasis pictures Lichen Planus and related diseases - 2k/t-Lichen-Planus-Drug-18.jpg,Unknown
/root/gpufree-data/OpenPath-main/data/SkinTissue/IMG_CLASSES/5. Melanocytic Nevi (NV) - 7970/ISIC_0030461.jpg,Unknown
/root/gpufree-data/OpenPath-main/data/SkinTissue/IMG_CLASSES/2. Melanoma 15.75k/ISIC_7354493.jpg,Unknown
/root/gpufree-data/OpenPath-main/data/SkinTissue/IMG_CLASSES/5. Melanocytic Nevi (NV) - 7970/ISIC_0024380.jpg,Unknown
/root/gpufree-data/OpenPath-main/data/SkinTissue/IMG_CLASSES/5. Melanocytic Nevi (NV) - 7970/ISIC_0027698.jpg,Unknown
/root/gpufree-data/OpenPath-main/data/SkinTissue/IMG_CLASSES/5. Melanocytic Nevi (NV) - 7970/ISIC_0027345.jpg,Unknown
/root/gpufree-data/OpenPath-main/data/SkinTissue/IMG_CLASSES/5. Melanocytic Nevi (NV) - 7970/ISIC_0025065.jpg,Unknown
/root/gpufree-data/OpenPath-main/data/SkinTissue/IMG_CLASSES/5. Melanocytic Nevi (NV) - 7970/ISIC_0025658.jpg,Unknown
/root/gpufree-data/OpenPath-main/data/SkinTissue/IMG_CLASSES/4. Basal Cell Carcinoma (BCC) 3323/ISIC_0057219.jpg,Unknown
/root/gpufree-data/OpenPath-main/data/SkinTissue/IMG_CLASSES/4. Basal Cell Carcinoma (BCC) 3323/ISIC_0067998.jpg,Unknown
/root/gpufree-data/OpenPath-main/data/SkinTissue/IMG_CLASSES/5. Melanocytic Nevi (NV) - 7970/ISIC_0032262.jpg,Unknown
/root/gpufree-data/OpenPath-main/data/SkinTissue/IMG_CLASSES/2. Melanoma 15.75k/ISIC_6913045.jpg,Unknown
/root/gpufree-data/OpenPath-main/data/SkinTissue/IMG_CLASSES/4. Basal Cell Carcinoma (BCC) 3323/ISIC_0030767.jpg,Unknown
/root/gpufree-data/OpenPath-main/data/SkinTissue/IMG_CLASSES/2. Melanoma 15.75k/ISIC_7407847.jpg,Unknown
/root/gpufree-data/OpenPath-main/data/SkinTissue/IMG_CLASSES/5. Melanocytic Nevi (NV) - 7970/ISIC_0032321.jpg,Unknown
/root/gpufree-data/OpenPath-main/data/SkinTissue/IMG_CLASSES/5. Melanocytic Nevi (NV) - 7970/ISIC_0026562.jpg,Unknown
/root/gpufree-data/OpenPath-main/data/SkinTissue/IMG_CLASSES/9. Tinea Ringworm Candidiasis and other Fungal Infections - 1.7k/0_9.jpg,Unknown
/root/gpufree-data/OpenPath-main/data/SkinTissue/IMG_CLASSES/5. Melanocytic Nevi (NV) - 7970/ISIC_0005639_downsampled.jpg,Unknown
/root/gpufree-data/OpenPath-main/data/SkinTissue/IMG_CLASSES/5. Melanocytic Nevi (NV) - 7970/ISIC_0013416_downsampled.jpg,Unknown
/root/gpufree-data/OpenPath-main/data/SkinTissue/IMG_CLASSES/4. Basal Cell Carcinoma (BCC) 3323/ISIC_0070568.jpg,Unknown
/root/gpufree-data/OpenPath-main/data/SkinTissue/IMG_CLASSES/5. Melanocytic Nevi (NV) - 7970/ISIC_0015312_downsampled.jpg,Unknown
/root/gpufree-data/OpenPath-main/data/SkinTissue/IMG_CLASSES/8. Seborrheic Keratoses and other Benign Tumors - 1.8k/t-nevus-sebaceous-26.jpg,Unknown
/root/gpufree-data/OpenPath-main/data/SkinTissue/IMG_CLASSES/7. Psoriasis pictures Lichen Planus and related diseases - 2k/t-pityriasis-rubra-pilaris-36.jpg,Unknown
/root/gpufree-data/OpenPath-main/data/SkinTissue/IMG_CLASSES/5. Melanocytic Nevi (NV) - 7970/ISIC_0028295.jpg,Unknown
/root/gpufree-data/OpenPath-main/data/SkinTissue/IMG_CLASSES/5. Melanocytic Nevi (NV) - 7970/ISIC_0026669.jpg,Unknown
/root/gpufree-data/OpenPath-main/data/SkinTissue/IMG_CLASSES/4. Basal Cell Carcinoma (BCC) 3323/ISIC_0072625.jpg,Unknown
/root/gpufree-data/OpenPath-main/data/SkinTissue/IMG_CLASSES/4. Basal Cell Carcinoma (BCC) 3323/ISIC_0057901.jpg,Unknown
/root/gpufree-data/OpenPath-main/data/SkinTissue/IMG_CLASSES/5. Melanocytic Nevi (NV) - 7970/ISIC_0028279.jpg,Unknown
/root/gpufree-data/OpenPath-main/data/SkinTissue/IMG_CLASSES/1. Eczema 1677/t-eczema-impetiginized-10.jpg,Unknown
/root/gpufree-data/OpenPath-main/data/SkinTissue/IMG_CLASSES/2. Melanoma 15.75k/ISIC_7017387.jpg,Unknown
/root/gpufree-data/OpenPath-main/data/SkinTissue/IMG_CLASSES/1. Eczema 1677/t-stasis-dermatitis-126.jpg,Unknown
/root/gpufree-data/OpenPath-main/data/SkinTissue/IMG_CLASSES/4. Basal Cell Carcinoma (BCC) 3323/ISIC_0070911.jpg,Unknown
/root/gpufree-data/OpenPath-main/data/SkinTissue/IMG_CLASSES/6. Benign Keratosis-like Lesions (BKL) 2624/ISIC_0070988.jpg,Unknown
/root/gpufree-data/OpenPath-main/data/SkinTissue/IMG_CLASSES/4. Basal Cell Carcinoma (BCC) 3323/ISIC_0069777.jpg,Unknown
/root/gpufree-data/OpenPath-main/data/SkinTissue/IMG_CLASSES/5. Melanocytic Nevi (NV) - 7970/ISIC_0024728.jpg,Unknown
/root/gpufree-data/OpenPath-main/data/SkinTissue/IMG_CLASSES/5. Melanocytic Nevi (NV) - 7970/ISIC_0024584.jpg,Unknown
