img,cls_label,human_review_required
/root/gpufree-data/OpenPath-main/data/SkinTissue/IMG_CLASSES/5. Melanocytic Nevi (NV) - 7970/ISIC_0030296.jpg,4,True
/root/gpufree-data/OpenPath-main/data/SkinTissue/IMG_CLASSES/5. Melanocytic Nevi (NV) - 7970/ISIC_0025187.jpg,4,True
/root/gpufree-data/OpenPath-main/data/SkinTissue/IMG_CLASSES/2. Melanoma 15.75k/ISIC_6869019.jpg,1,True
/root/gpufree-data/OpenPath-main/data/SkinTissue/IMG_CLASSES/2. Melanoma 15.75k/ISIC_7356954.jpg,1,True
/root/gpufree-data/OpenPath-main/data/SkinTissue/IMG_CLASSES/5. Melanocytic Nevi (NV) - 7970/ISIC_0027266.jpg,4,True
/root/gpufree-data/OpenPath-main/data/SkinTissue/IMG_CLASSES/4. Basal Cell Carcinoma (BCC) 3323/ISIC_0027090.jpg,3,True
/root/gpufree-data/OpenPath-main/data/SkinTissue/IMG_CLASSES/6. Benign Keratosis-like Lesions (BKL) 2624/ISIC_0029227.jpg,5,True
/root/gpufree-data/OpenPath-main/data/SkinTissue/IMG_CLASSES/4. Basal Cell Carcinoma (BCC) 3323/ISIC_0070529.jpg,3,True
/root/gpufree-data/OpenPath-main/data/SkinTissue/IMG_CLASSES/5. Melanocytic Nevi (NV) - 7970/ISIC_0032375.jpg,4,True
/root/gpufree-data/OpenPath-main/data/SkinTissue/IMG_CLASSES/2. Melanoma 15.75k/ISIC_7259400.jpg,1,True
/root/gpufree-data/OpenPath-main/data/SkinTissue/IMG_CLASSES/5. Melanocytic Nevi (NV) - 7970/ISIC_0024487.jpg,4,True
/root/gpufree-data/OpenPath-main/data/SkinTissue/IMG_CLASSES/6. Benign Keratosis-like Lesions (BKL) 2624/ISIC_0063237.jpg,5,True
/root/gpufree-data/OpenPath-main/data/SkinTissue/IMG_CLASSES/5. Melanocytic Nevi (NV) - 7970/ISIC_0014966_downsampled.jpg,4,True
/root/gpufree-data/OpenPath-main/data/SkinTissue/IMG_CLASSES/5. Melanocytic Nevi (NV) - 7970/ISIC_0011298.jpg,4,True
/root/gpufree-data/OpenPath-main/data/SkinTissue/IMG_CLASSES/2. Melanoma 15.75k/ISIC_6829008.jpg,1,True
/root/gpufree-data/OpenPath-main/data/SkinTissue/IMG_CLASSES/6. Benign Keratosis-like Lesions (BKL) 2624/ISIC_0031580.jpg,5,True
/root/gpufree-data/OpenPath-main/data/SkinTissue/IMG_CLASSES/5. Melanocytic Nevi (NV) - 7970/ISIC_0030997.jpg,4,True
/root/gpufree-data/OpenPath-main/data/SkinTissue/IMG_CLASSES/5. Melanocytic Nevi (NV) - 7970/ISIC_0025813.jpg,4,True
/root/gpufree-data/OpenPath-main/data/SkinTissue/IMG_CLASSES/5. Melanocytic Nevi (NV) - 7970/ISIC_0032680.jpg,4,True
/root/gpufree-data/OpenPath-main/data/SkinTissue/IMG_CLASSES/5. Melanocytic Nevi (NV) - 7970/ISIC_0029171.jpg,4,True
/root/gpufree-data/OpenPath-main/data/SkinTissue/IMG_CLASSES/5. Melanocytic Nevi (NV) - 7970/ISIC_0028057.jpg,4,True
/root/gpufree-data/OpenPath-main/data/SkinTissue/IMG_CLASSES/5. Melanocytic Nevi (NV) - 7970/ISIC_0027605.jpg,4,True
/root/gpufree-data/OpenPath-main/data/SkinTissue/IMG_CLASSES/5. Melanocytic Nevi (NV) - 7970/ISIC_0028250.jpg,4,True
/root/gpufree-data/OpenPath-main/data/SkinTissue/IMG_CLASSES/2. Melanoma 15.75k/ISIC_7075836.jpg,1,True
/root/gpufree-data/OpenPath-main/data/SkinTissue/IMG_CLASSES/2. Melanoma 15.75k/ISIC_7260492.jpg,1,True
/root/gpufree-data/OpenPath-main/data/SkinTissue/IMG_CLASSES/6. Benign Keratosis-like Lesions (BKL) 2624/ISIC_0032051.jpg,5,True
/root/gpufree-data/OpenPath-main/data/SkinTissue/IMG_CLASSES/5. Melanocytic Nevi (NV) - 7970/ISIC_0028859.jpg,4,True
/root/gpufree-data/OpenPath-main/data/SkinTissue/IMG_CLASSES/5. Melanocytic Nevi (NV) - 7970/ISIC_0028862.jpg,4,True
/root/gpufree-data/OpenPath-main/data/SkinTissue/IMG_CLASSES/5. Melanocytic Nevi (NV) - 7970/ISIC_0030612.jpg,4,True
/root/gpufree-data/OpenPath-main/data/SkinTissue/IMG_CLASSES/5. Melanocytic Nevi (NV) - 7970/ISIC_0030773.jpg,4,True
/root/gpufree-data/OpenPath-main/data/SkinTissue/IMG_CLASSES/5. Melanocytic Nevi (NV) - 7970/ISIC_0030979.jpg,4,True
/root/gpufree-data/OpenPath-main/data/SkinTissue/IMG_CLASSES/6. Benign Keratosis-like Lesions (BKL) 2624/ISIC_0032553.jpg,5,True
/root/gpufree-data/OpenPath-main/data/SkinTissue/IMG_CLASSES/5. Melanocytic Nevi (NV) - 7970/ISIC_0000379_downsampled.jpg,4,True
/root/gpufree-data/OpenPath-main/data/SkinTissue/IMG_CLASSES/5. Melanocytic Nevi (NV) - 7970/ISIC_0014699_downsampled.jpg,4,True
/root/gpufree-data/OpenPath-main/data/SkinTissue/IMG_CLASSES/5. Melanocytic Nevi (NV) - 7970/ISIC_0031622.jpg,4,True
/root/gpufree-data/OpenPath-main/data/SkinTissue/IMG_CLASSES/4. Basal Cell Carcinoma (BCC) 3323/ISIC_0068764.jpg,3,True
/root/gpufree-data/OpenPath-main/data/SkinTissue/IMG_CLASSES/5. Melanocytic Nevi (NV) - 7970/ISIC_0031453.jpg,4,True
/root/gpufree-data/OpenPath-main/data/SkinTissue/IMG_CLASSES/5. Melanocytic Nevi (NV) - 7970/ISIC_0027461.jpg,4,True
/root/gpufree-data/OpenPath-main/data/SkinTissue/IMG_CLASSES/5. Melanocytic Nevi (NV) - 7970/ISIC_0025279.jpg,4,True
/root/gpufree-data/OpenPath-main/data/SkinTissue/IMG_CLASSES/5. Melanocytic Nevi (NV) - 7970/ISIC_0015175_downsampled.jpg,4,True
/root/gpufree-data/OpenPath-main/data/SkinTissue/IMG_CLASSES/5. Melanocytic Nevi (NV) - 7970/ISIC_0027036.jpg,4,True
/root/gpufree-data/OpenPath-main/data/SkinTissue/IMG_CLASSES/5. Melanocytic Nevi (NV) - 7970/ISIC_0027765.jpg,4,True
/root/gpufree-data/OpenPath-main/data/SkinTissue/IMG_CLASSES/2. Melanoma 15.75k/ISIC_6982776.jpg,1,True
/root/gpufree-data/OpenPath-main/data/SkinTissue/IMG_CLASSES/5. Melanocytic Nevi (NV) - 7970/ISIC_0026103.jpg,4,True
/root/gpufree-data/OpenPath-main/data/SkinTissue/IMG_CLASSES/5. Melanocytic Nevi (NV) - 7970/ISIC_0028102.jpg,4,True
/root/gpufree-data/OpenPath-main/data/SkinTissue/IMG_CLASSES/5. Melanocytic Nevi (NV) - 7970/ISIC_0028771.jpg,4,True
/root/gpufree-data/OpenPath-main/data/SkinTissue/IMG_CLASSES/5. Melanocytic Nevi (NV) - 7970/ISIC_0011131.jpg,4,True
/root/gpufree-data/OpenPath-main/data/SkinTissue/IMG_CLASSES/5. Melanocytic Nevi (NV) - 7970/ISIC_0026096.jpg,4,True
/root/gpufree-data/OpenPath-main/data/SkinTissue/IMG_CLASSES/5. Melanocytic Nevi (NV) - 7970/ISIC_0026177.jpg,4,True
/root/gpufree-data/OpenPath-main/data/SkinTissue/IMG_CLASSES/4. Basal Cell Carcinoma (BCC) 3323/ISIC_0028050.jpg,3,True
